<?xml version="1.0" encoding="UTF-8" standalone="yes"?>
<addon id="repository.sbroenne" name="NHK World TV development repository" version="0.0.4" provider-name="sbroenne">
   <extension point="xbmc.addon.repository">
    <info>http://raw.githubusercontent.com/sbroenne/kodirepo/master/addons.xml</info>
    <checksum>http://raw.githubusercontent.com/sbroenne/kodirepo/master/addons.xml.md5</checksum>
    <datadir>http://raw.githubusercontent.com/sbroenne/kodirepo/master/></datadir>
  </extension>
    <extension point="xbmc.addon.metadata">
        <summary lang="en_GB">Repository for development of Kodi NHK World TV plug-in</summary>
        <language></language>pwd
        <platform>all</platform>
        <license>GPL-3.0</license>
        <forum></forum>
        <website>www.kodi.tv</website>
        <email>stefan_broenner@yahoo.com</email>
        <source>https://github.com/sbroenne/repository.sbroenne</source>
        <news>Initial release</news>
        <disclaimer></disclaimer>
    </extension>
</addon>
