<?xml version="1.0" encoding="UTF-8" standalone="yes"?>
<addon id="plugin.video.nhkworldtv" name="NHK World TV" version="0.0.29" provider-name="sbroenne">
    <requires>
        <import addon="xbmc.python" version="2.25.0"/>
        <import addon="script.module.certifi" version="2019.9.11"/>
        <import addon="script.module.requests" version="2.22.0"/>
        <import addon="script.module.routing" version="0.2.3"/>
        <import addon="script.module.pytz" version="2014.2"/>
        <import addon="script.module.tzlocal" version="2.0.0"/>
    </requires>

    <extension point="xbmc.python.pluginsource" library="main.py">
        <provides>video</provides>
    </extension>

    <extension point="xbmc.addon.metadata">
        <summary lang="en_GB">Watch NHK World in HD - live stream and on-demand programs</summary>
        <description lang="en_GB">
Watch your favorite programs like Japanology Plus in HD with this plug-in. Includes live stream, on-demand-programs and top stories.

The plugin is optimized for an Internet connection with at least 10 MBIT.

Originally based on Misty's Best Of NHK plug-in (https://forum.kodi.tv/showthread.php?tid=196657) - his plug-in also provides addtional content like NHK on Youtube.
        </description>
        <disclaimer lang="en_GB">This plug-in is a fan project and not related in any way to NHK!</disclaimer>
        <platform>all</platform>
        <license>GPL-3.0</license>
        <forum></forum>
        <language>en_GB</language>
        <email>stefan_broenner@yahoo.com</email>
        <source>https://github.com/sbroenne/plugin.video.nhkworldtv</source>
        <news>
Unicode Fixes
Localization changes
Formatting fixes
Added Live Schedule
</news>
        <assets>
            <icon>resources/icon.png</icon>
            <screenshot>resources/screenshot01.jpeg</screenshot>
            <screenshot>resources/screenshot02.jpeg</screenshot>
            <screenshot>resources/screenshot03.jpeg</screenshot>
        </assets>
        <reuselanguageinvoker>true</reuselanguageinvoker>
    </extension>
</addon>
