<?xml version="1.0" encoding="UTF-8" standalone="yes"?>
<addon id="plugin.video.nhkworldtv" name="NHK World TV" version="0.0.150" provider-name="sbroenne">
    <requires>
        <import addon="xbmc.python" version="3.0.0"/>
        <import addon="script.module.certifi" version="2019.11.28"/>
        <import addon="script.module.requests" version="2.22.0"/>
        <import addon="script.module.requests-cache" version="0.5.2"/>
        <import addon="script.module.routing" version="0.2.3"/>
        <import addon="script.module.future" version="0.18.2"/>
        <import addon="script.module.kodi-six" version="0.1.3.1"/>
        <import addon="script.module.pytz" version="2019.3"/>
        <import addon="script.module.tzlocal" version="2.0.0"/>
    </requires>

    <extension point="xbmc.python.pluginsource" library="main.py">
        <provides>video</provides>
    </extension>

   <extension point="xbmc.addon.metadata">
        <summary lang="en_GB">Watch NHK World Japan in Full HD - live stream, on-demand and news programs</summary>
        <description lang="en_GB">
NHK provides streams via Akamai in 720p and 1080p - the plug-in defaults tp 1080p where available.[CR]
If you encounter buffering issues, you can fall-back to 720p by changing the 'Use 720p instead of 1080p' addon-setting.[CR]
Tested on Kodi 18.6+ and 19.[CR]
        </description>
        <disclaimer lang="en_GB">This plugin is a fan project and not related in any way to NHK!</disclaimer>
        <platform>all</platform>
        <license>GPL-3.0</license>
        <forum></forum>
        <language>en_GB</language>
        <email>stefan_broenner@yahoo.com</email>
        <source>https://github.com/sbroenne/plugin.video.nhkworldtv</source>
        <forum>https://forum.kodi.tv/showthread.php?tid=353215</forum>
        <news>
First non-beta release, no functionality changes.
        </news>
        <assets>
            <icon>resources/icon.png</icon>
            <fanart>resources/fanart.jpg</fanart>
            <screenshot>resources/screenshot01.jpeg</screenshot>
            <screenshot>resources/screenshot02.jpeg</screenshot>
            <screenshot>resources/screenshot03.jpeg</screenshot>
        </assets>
        <reuselanguageinvoker>true</reuselanguageinvoker>
    </extension>
</addon>
