<?xml version="1.0" encoding="UTF-8" standalone="yes"?>
<addon id="repository.sbroenne" name="NHK World TV development repository" version="0.0.13" provider-name="sbroenne">
  <extension point="xbmc.addon.repository" name="Kodi NHK World TV plug-in Development Repository">
    <info compressed="true">https://raw.githubusercontent.com/sbroenne/kodirepo/master/addons.xml.gz</info>
    <checksum>https://raw.githubusercontent.com/sbroenne/kodirepo/master/addons.xml.gz.md5</checksum>
    <datadir zip="true">https://raw.githubusercontent.com/sbroenne/kodirepo/master</datadir>
  </extension>
  <extension point="xbmc.addon.metadata">
    <summary lang="en_GB">Kodi NHK World TV plug-in Development Repository</summary>
    <language></language>pwd
    <platform>all</platform>
    <license>GPL-3.0</license>
    <email>stefan_broenner@yahoo.com</email>
    <source>https://github.com/sbroenne/repository.sbroenne</source>
    <news>
       Kodi 19 has been released so the dev repo now contains the Matrix version of the plug-in
     </news>
    <disclaimer>Use at your own risk!</disclaimer>
    <assets>
      <icon>icon.png</icon>
      <fanart>fanart.jpg</fanart>
    </assets>
  </extension>
</addon>